community,size,grassroot,media_news,elite_political,top_node,top_node_in_degree
2,1075,1016,9,50,752b42cc35,621
7,581,572,8,1,fc8fa39f0b,261
9,459,439,11,9,726ca5939a,195
12,433,422,4,7,29dfe58c9e,160
11,346,337,7,2,2e35b14f09,85
3,333,326,5,2,f290e08e9c,153
10,332,331,1,0,76b0b720a0,307
86,244,242,0,2,06f1a0d8c2,103
1,210,206,3,1,06e0ed9581,206
43,203,202,0,1,e26bca24c5,27
6,202,201,1,0,f2e3cb1eab,140
70,187,182,0,5,9bf47b9889,59
58,177,172,3,2,f66f18ce9f,68
49,175,171,2,2,687472c393,27
69,170,166,0,4,6c9eae0099,17
4,155,149,5,1,33041d548c,73
42,149,144,1,4,05202179cf,85
51,149,148,1,0,96baf55e5b,15
16,143,137,5,1,a1c8b58010,81
24,132,129,1,2,7f1430f4a9,55
32,132,117,14,1,cbef789d13,42
35,121,120,0,1,6ecc877338,19
13,120,119,1,0,abf9f90056,27
123,115,113,2,0,82c1d92f7b,58
5,101,95,3,3,595d58924e,21
8,95,94,1,0,9b5332de42,29
127,90,87,3,0,9888de3af0,38
14,87,87,0,0,8dd6acdfed,22
74,81,80,1,0,85573678b1,12
15,69,69,0,0,275f9f7042,43
143,44,43,0,1,f4acae8f7e,16
54,43,42,1,0,2423150d34,4
115,38,38,0,0,2a30b5aa7c,13
210,31,31,0,0,4384fe4bd2,10
89,30,30,0,0,bf21405d3d,25
1453,28,28,0,0,c4ca7eb5d2,1
98,26,26,0,0,0d296b51eb,10
297,23,23,0,0,d2ab0a9909,3
137,20,20,0,0,7c869b30d0,15
152,19,16,1,2,dad195f51d,10
85,18,18,0,0,04a2f3c8b2,14
94,18,18,0,0,1dd5434fbd,4
182,18,18,0,0,f06239231f,15
410,18,18,0,0,73ee6dd968,8
83,17,17,0,0,578809a231,12
240,17,17,0,0,f324e0c164,5
882,17,17,0,0,247614173f,2
104,15,15,0,0,13579b50d2,12
112,15,15,0,0,deea8ab643,13
373,14,14,0,0,b2ab585807,2
1364,14,14,0,0,156d2c1191,1
134,12,12,0,0,647ee93f77,7
613,12,12,0,0,0f48465b2a,8
1027,12,12,0,0,89c17d606f,1
121,11,11,0,0,57a4814892,9
1322,11,11,0,0,0bdf110643,1
142,10,10,0,0,af8231799e,8
291,10,10,0,0,edc41eca56,5
313,10,10,0,0,035bb6fcd5,2
39,9,9,0,0,a657afae34,4
84,9,9,0,0,f46a0b4aa6,4
107,9,9,0,0,56a481a724,8
140,9,9,0,0,9262f1556f,6
216,9,9,0,0,ef3d42feec,8
238,9,9,0,0,a61b08640a,1
330,9,9,0,0,f5bf89ea85,1
146,8,8,0,0,bf89a62816,5
519,8,8,0,0,cdf57edeff,7
541,8,8,0,0,e99e663fda,2
577,8,8,0,0,8a5f58fd61,7
664,8,8,0,0,7d1b664ca6,5
747,8,8,0,0,28f337d6e7,7
1092,8,8,0,0,cf8a6d1b60,4
73,7,7,0,0,92a1a59171,2
217,7,7,0,0,f5ca83f8da,5
241,7,6,1,0,f453be9488,3
247,7,7,0,0,cfdd6d9b82,5
269,7,6,0,1,b0afde0a70,5
278,7,6,1,0,06ddd2e54a,1
384,7,7,0,0,0d7c0afc1f,1
398,7,7,0,0,3ae7c61102,2
402,7,7,0,0,ad900f0c36,3
537,7,7,0,0,769c01eea0,4
572,7,7,0,0,db2035d513,1
862,7,7,0,0,670a7dbbdf,3
37,6,6,0,0,88fd2c1bba,1
184,6,6,0,0,010323dc0e,3
250,6,6,0,0,6dd110a015,5
344,6,6,0,0,abebad514f,1
355,6,6,0,0,a9dc2a64ad,4
448,6,6,0,0,aeeec28370,2
486,6,6,0,0,ffb64fae0a,1
837,6,6,0,0,dbb7016b90,4
899,6,6,0,0,7842661cbf,1
991,6,6,0,0,ae31a514e8,4
1088,6,6,0,0,f7de018bd2,2
1200,6,6,0,0,0829c7930a,1
1220,6,6,0,0,5718f2bb0d,2
1379,6,6,0,0,6bb3ecad76,1
28,5,5,0,0,ce78969a3f,4
50,5,5,0,0,b040c53c21,3
75,5,5,0,0,891babe1be,2
76,5,5,0,0,283e998d07,3
92,5,5,0,0,ac7840f6b3,4
130,5,5,0,0,325650207d,3
131,5,5,0,0,56df58fee7,4
144,5,5,0,0,32936ed0f6,3
224,5,5,0,0,938f859ba2,4
232,5,4,1,0,fb4d225844,4
289,5,5,0,0,5e17869723,3
292,5,5,0,0,24f4111b33,3
298,5,5,0,0,aaaa8ad116,4
342,5,5,0,0,f22cc13948,1
347,5,5,0,0,534ea0ae2a,2
356,5,5,0,0,3531625bfd,2
383,5,5,0,0,546b463537,1
387,5,5,0,0,46f41dce6e,3
399,5,5,0,0,a44e6ccd09,1
416,5,5,0,0,77b87dd08f,1
459,5,5,0,0,0117db47c2,1
471,5,4,1,0,5bdf6c2987,3
488,5,5,0,0,47310f79bb,4
579,5,5,0,0,6b1eee4239,1
596,5,5,0,0,793da06a9d,1
625,5,5,0,0,83da3e06c3,3
626,5,5,0,0,32e0efd0c1,4
634,5,5,0,0,4310db92f3,3
661,5,5,0,0,e1c89f544b,3
857,5,5,0,0,ddd4e9e839,5
860,5,5,0,0,41031badbc,1
917,5,5,0,0,dea3370c63,1
970,5,5,0,0,c637d15a0d,2
979,5,4,0,1,7bc885a051,2
1047,5,5,0,0,b362d8a97a,4
1098,5,4,1,0,11c7a3578a,2
1125,5,5,0,0,bb4ebd1372,1
1240,5,5,0,0,6b7cbfa625,4
1519,5,5,0,0,90abc63ee1,1
30,4,4,0,0,04e9adca88,1
33,4,4,0,0,8099865a9f,2
68,4,4,0,0,9aa7295a99,2
78,4,4,0,0,921baa09f4,1
132,4,4,0,0,a5c290d6f6,3
145,4,4,0,0,f869179b67,2
174,4,4,0,0,0833117601,3
177,4,4,0,0,60371b311b,3
179,4,4,0,0,1fdd882541,3
180,4,4,0,0,b956c9aa66,3
194,4,4,0,0,a6537ad980,2
244,4,4,0,0,c65816b7fc,3
265,4,4,0,0,0936cd2ede,4
279,4,4,0,0,9465429088,1
303,4,4,0,0,0d36931d12,1
306,4,4,0,0,b291b30fe9,2
310,4,4,0,0,5f6cba3c53,1
316,4,4,0,0,8bfb287c10,2
319,4,4,0,0,f262c0abba,1
323,4,4,0,0,8c756c6c59,1
329,4,4,0,0,8e22e2b7e4,2
351,4,4,0,0,2130cf5492,2
382,4,4,0,0,76b3e2982a,3
385,4,4,0,0,870a8bda65,1
404,4,4,0,0,116f2a3281,1
411,4,4,0,0,359cd8393b,2
427,4,4,0,0,fa92e43e59,2
438,4,4,0,0,c8559dcb11,3
443,4,4,0,0,3b1eb33f42,2
449,4,4,0,0,df3ce35562,2
454,4,4,0,0,f8387760fd,2
480,4,4,0,0,4bc942775a,2
481,4,4,0,0,893737ed9b,1
485,4,4,0,0,1cc22f243f,2
497,4,4,0,0,ded260364f,1
508,4,4,0,0,3daba03090,1
531,4,4,0,0,727956e9af,1
544,4,4,0,0,880a0ce729,1
553,4,4,0,0,a8ea1af119,1
614,4,4,0,0,0986e8cd43,3
650,4,3,1,0,ad7123760c,2
685,4,4,0,0,691e5d1abd,1
726,4,4,0,0,ecf36cecd0,3
737,4,4,0,0,07fe63689e,3
767,4,4,0,0,a240133ead,1
773,4,4,0,0,105bbaca7a,1
775,4,4,0,0,63fbbdf49f,1
805,4,4,0,0,ccf4447fb8,3
809,4,4,0,0,2a1e3a37c2,1
832,4,4,0,0,7dcee0ef87,1
851,4,4,0,0,829d92da9d,2
859,4,4,0,0,fccec5837a,3
876,4,4,0,0,8283b5a7cd,1
892,4,4,0,0,7b549d67bb,1
895,4,4,0,0,89fc38d5fd,3
906,4,4,0,0,28790e02d1,1
932,4,4,0,0,a0be20b5cb,1
943,4,4,0,0,b61f7093fd,2
1015,4,4,0,0,ba9c1b2143,1
1022,4,4,0,0,a08686e623,2
1034,4,4,0,0,c07d07f500,1
1045,4,4,0,0,6774d49985,1
1057,4,4,0,0,2dd727f0bb,1
1062,4,4,0,0,f8577c5c76,1
1080,4,4,0,0,a2ffa97a9e,1
1081,4,4,0,0,189e69f04d,1
1104,4,4,0,0,ba96424462,1
1114,4,3,1,0,434ed29f94,1
1128,4,4,0,0,6b97eee5ef,2
1146,4,4,0,0,0d4eb698b4,2
1171,4,4,0,0,72ee181d67,3
1174,4,4,0,0,4cae493c6a,1
1194,4,4,0,0,d2aeaea2f1,1
1219,4,4,0,0,37230ce5a3,2
1221,4,4,0,0,7c6dc59689,1
1225,4,4,0,0,ad51eb5821,1
1257,4,4,0,0,0ade918f26,1
1275,4,4,0,0,da45d0b4a1,2
1316,4,4,0,0,9f9e190d53,1
1351,4,4,0,0,f9b6c1f38f,2
1370,4,4,0,0,aa8eb026f1,3
1451,4,4,0,0,5297dc2ae2,1
1476,4,4,0,0,d9f2cc4fbe,1
1486,4,4,0,0,a464e07415,2
1560,4,4,0,0,f41aca9131,1
1633,4,4,0,0,cb10da6207,1
0,3,3,0,0,293caa8d67,2
18,3,3,0,0,9da65f519a,1
23,3,3,0,0,3565f15396,2
38,3,3,0,0,4e992e665c,1
48,3,3,0,0,80716a4630,1
56,3,3,0,0,4401578d52,2
61,3,3,0,0,83b4aac697,1
65,3,3,0,0,aab2f38cdb,2
67,3,3,0,0,4e24b8a6a4,1
77,3,3,0,0,cad2dfdae2,1
81,3,3,0,0,17027a776f,2
90,3,3,0,0,cbcfdcd785,2
100,3,3,0,0,3f645e7ceb,1
105,3,3,0,0,c18d6c8040,2
106,3,3,0,0,c7601a0b1f,2
109,3,3,0,0,33d3c9cbf7,1
110,3,3,0,0,9fcefb35e8,1
128,3,3,0,0,34dc7871d0,1
151,3,3,0,0,6874174b54,1
157,3,3,0,0,9dbd187e3a,1
163,3,3,0,0,d256eff6f3,1
167,3,3,0,0,bcf806f599,1
171,3,3,0,0,1fd1608f4d,2
188,3,3,0,0,6531da9210,2
197,3,3,0,0,d7ed016d7a,2
200,3,3,0,0,e9aa4b05ca,1
207,3,3,0,0,a514dfdca2,2
212,3,2,1,0,1be3c44c05,2
221,3,3,0,0,7a86ca0e5f,2
223,3,3,0,0,8d4fbacebc,2
237,3,3,0,0,ded61c7695,1
251,3,3,0,0,8e648aed96,2
260,3,3,0,0,7430a3e5aa,2
266,3,3,0,0,1f006977be,1
295,3,3,0,0,e1cd976107,1
296,3,3,0,0,77173ace11,2
299,3,3,0,0,11a4c66077,1
300,3,3,0,0,e652405640,1
307,3,3,0,0,de1d5c92b7,1
309,3,3,0,0,a431a01b00,1
318,3,3,0,0,0da089e39f,1
327,3,3,0,0,055323a7ce,1
332,3,3,0,0,fd03ae67ba,2
335,3,3,0,0,0025cbc2e3,2
337,3,3,0,0,66622c3eb7,2
339,3,3,0,0,2c46fba1eb,1
352,3,3,0,0,0bad6141b9,2
361,3,3,0,0,553938c7d1,1
364,3,3,0,0,a29e4584b3,1
365,3,3,0,0,5518837a7d,2
368,3,3,0,0,4c18ce8948,1
369,3,3,0,0,6a67648c1f,2
378,3,3,0,0,d4284f6dc5,1
379,3,3,0,0,3e837d4bfb,1
397,3,3,0,0,6eed0113c5,1
407,3,3,0,0,528625ff32,1
417,3,2,1,0,6757f5a01d,2
425,3,3,0,0,a45ff6dcec,1
433,3,3,0,0,54416862f9,1
434,3,3,0,0,5410101d1c,1
437,3,3,0,0,b39ab2c0e4,2
439,3,3,0,0,3f5d4f4373,2
450,3,3,0,0,84e5ca0c18,1
456,3,3,0,0,68b00c23ad,2
458,3,3,0,0,315eb6d356,1
477,3,3,0,0,9938f90108,1
478,3,3,0,0,fb322c454b,1
479,3,3,0,0,633076cc90,2
487,3,3,0,0,9f4c57b76f,1
492,3,3,0,0,36251e7506,2
501,3,3,0,0,aa2fe23e11,1
502,3,3,0,0,76b1d37f6f,1
506,3,3,0,0,06bea67bec,1
514,3,3,0,0,78f348725a,2
521,3,3,0,0,d5a5c70635,2
532,3,3,0,0,acdae03855,1
533,3,3,0,0,307860a511,1
535,3,3,0,0,0a6f94abf7,1
547,3,3,0,0,eac5008fe1,1
548,3,3,0,0,6be83a3683,2
550,3,3,0,0,be68f91048,1
551,3,3,0,0,970f76e95c,2
558,3,3,0,0,31471dcab1,2
561,3,3,0,0,7bc1ac4674,2
564,3,3,0,0,16369e3764,1
571,3,3,0,0,95cde47a15,1
574,3,3,0,0,b65a38ead2,2
582,3,3,0,0,a45e37b80e,2
589,3,3,0,0,f58702857b,2
591,3,3,0,0,59dcbc3b24,2
599,3,3,0,0,0809faad46,2
602,3,3,0,0,bf0ba3dab1,1
610,3,3,0,0,9672e34d50,2
619,3,3,0,0,03cf3f7fa2,2
620,3,3,0,0,b97ad2764b,2
628,3,3,0,0,5cec9cb260,1
630,3,3,0,0,cadcf465b9,1
635,3,3,0,0,cea8e80add,1
639,3,3,0,0,fb0e22f542,2
640,3,3,0,0,00165dcde0,2
643,3,3,0,0,39e5b55725,1
651,3,3,0,0,4af63b4c70,2
654,3,3,0,0,f5a60092fa,1
655,3,3,0,0,2441e90885,1
660,3,3,0,0,bc85bbdc7e,1
662,3,3,0,0,d58b0b7aff,1
665,3,3,0,0,42410e177a,2
672,3,3,0,0,69f9b9434c,1
673,3,3,0,0,7e8a0ea329,1
675,3,3,0,0,7292ebdccd,1
677,3,3,0,0,993b98adc6,2
679,3,3,0,0,d7828a3049,1
686,3,3,0,0,72cbf47a19,2
700,3,3,0,0,254fb6477f,1
707,3,3,0,0,094adcec59,1
708,3,2,0,1,1c5355c751,2
709,3,3,0,0,fbb1cb3165,2
714,3,3,0,0,0fa56a8704,1
718,3,3,0,0,6010967702,1
736,3,3,0,0,524c6f8ded,1
743,3,3,0,0,aad34a4e62,1
758,3,3,0,0,5658a5c3fe,1
762,3,3,0,0,624be1c4e3,1
763,3,3,0,0,fcfa782555,1
770,3,3,0,0,76715466c1,1
778,3,3,0,0,26664d8459,1
779,3,3,0,0,44a6a36b1b,1
781,3,3,0,0,7ca4e8bcc1,1
784,3,3,0,0,b493d1ce85,2
788,3,3,0,0,c57b41c57e,1
797,3,3,0,0,972a5af029,1
800,3,3,0,0,a38177345b,1
803,3,3,0,0,3ee3ebcbb9,2
807,3,3,0,0,69ea459ee9,1
814,3,3,0,0,29acba3de3,1
816,3,3,0,0,d97a11a28e,1
822,3,3,0,0,d2a6283d00,1
824,3,3,0,0,b7238839fb,1
829,3,3,0,0,1af109b0a0,2
830,3,3,0,0,ccbb895dbd,1
833,3,3,0,0,8361d07238,2
834,3,3,0,0,995cb48c55,2
835,3,3,0,0,0bb5c9d588,1
838,3,3,0,0,96f2380575,1
839,3,3,0,0,13aa2f76a1,1
847,3,2,0,1,af2d2b0457,1
853,3,3,0,0,61f57d727c,1
858,3,3,0,0,f5d0021d57,1
861,3,3,0,0,f011eec67b,1
871,3,3,0,0,3292bf2f5d,1
875,3,3,0,0,d8e62baca8,1
881,3,3,0,0,4a9675e355,1
883,3,3,0,0,20be2de5cf,1
890,3,3,0,0,79ec9e8864,1
897,3,3,0,0,901ae2a380,1
902,3,3,0,0,3570b856c8,1
904,3,3,0,0,a21f8899eb,2
908,3,3,0,0,04e17d147a,1
920,3,3,0,0,6521ac130f,2
923,3,3,0,0,6988a09e85,2
924,3,3,0,0,fdd69fd201,1
928,3,3,0,0,3234494257,1
934,3,3,0,0,d3860ff986,1
938,3,3,0,0,848f2a961d,1
942,3,3,0,0,d3eb96f0dc,1
944,3,3,0,0,4c61d583e0,1
947,3,3,0,0,437b22815f,1
950,3,3,0,0,551ae2715d,1
952,3,3,0,0,9cd988cba7,1
959,3,3,0,0,0ad3f78d33,1
960,3,3,0,0,1c67546e66,1
976,3,3,0,0,750f2e0c3a,1
984,3,3,0,0,b1ccbb4caf,2
988,3,3,0,0,fa8efb156e,1
992,3,3,0,0,6c5b322b03,1
995,3,3,0,0,03d62ee66f,1
1011,3,3,0,0,f04ae69bf2,2
1017,3,3,0,0,b6c864c6fa,1
1025,3,3,0,0,1a0d236c5b,1
1035,3,3,0,0,5382ad072b,1
1036,3,3,0,0,ecf00a49f1,1
1038,3,3,0,0,9cd8504ea3,1
1041,3,3,0,0,5d2eb98dea,1
1050,3,3,0,0,59e0152557,1
1052,3,3,0,0,4b49d4f94d,1
1060,3,3,0,0,322d05ac48,2
1065,3,3,0,0,aa889c5134,1
1068,3,3,0,0,781ad95ff8,1
1078,3,3,0,0,bd78cad6d3,2
1083,3,3,0,0,943d40550d,1
1106,3,3,0,0,50de3c7450,1
1110,3,3,0,0,7e40f7dc14,1
1112,3,3,0,0,b3b80b6931,2
1115,3,3,0,0,355c80ff0c,1
1130,3,3,0,0,40d1f4852f,1
1142,3,3,0,0,a79123900b,1
1148,3,3,0,0,afb39b28c6,2
1149,3,3,0,0,8ba2dc2723,1
1151,3,3,0,0,85dcbd83a7,1
1154,3,3,0,0,9c8df14400,1
1159,3,3,0,0,bdc9d50676,1
1161,3,3,0,0,6071d5ad91,1
1162,3,3,0,0,afcd04a6dd,1
1172,3,3,0,0,abd2040be2,1
1183,3,3,0,0,354d675649,1
1188,3,3,0,0,71b18735cd,1
1189,3,3,0,0,fe186b5499,2
1203,3,3,0,0,cf8009da2b,1
1209,3,3,0,0,373da6af15,1
1216,3,3,0,0,4a4dc7be36,1
1222,3,3,0,0,a1a46cf5b5,1
1224,3,3,0,0,56de8c9907,1
1238,3,3,0,0,2f17908173,2
1252,3,3,0,0,2155218abc,1
1256,3,3,0,0,17c355bbca,1
1266,3,3,0,0,f8afd54537,1
1270,3,3,0,0,5c367b24db,2
1272,3,3,0,0,eef1ef525b,1
1277,3,3,0,0,9301494825,1
1279,3,3,0,0,66d4407cdc,1
1281,3,3,0,0,9b399ae994,2
1286,3,3,0,0,18ae863677,1
1289,3,3,0,0,dba210ee8e,1
1296,3,3,0,0,983f9bdc8d,1
1305,3,3,0,0,2a6ed899f7,1
1306,3,3,0,0,2755f50ceb,2
1308,3,3,0,0,7b390189b1,2
1312,3,3,0,0,4bcb6c0097,1
1321,3,3,0,0,fc2c5b4ae6,1
1338,3,3,0,0,a467a43f15,1
1346,3,3,0,0,90ca3e0a3b,1
1352,3,3,0,0,e370f3d6ea,1
1359,3,3,0,0,4aa959d2c2,1
1366,3,2,0,1,b9d22d409a,1
1376,3,3,0,0,88ea6cf117,1
1395,3,3,0,0,5bc894c1c8,1
1399,3,3,0,0,f89f4b6e92,1
1415,3,3,0,0,99efb8cdf7,1
1420,3,3,0,0,42a7d05c95,1
1423,3,3,0,0,d2c4be32e0,1
1427,3,3,0,0,3397332b41,1
1432,3,3,0,0,a3a2601f5c,1
1439,3,3,0,0,3d2614f83f,1
1444,3,3,0,0,2ad3c8162d,1
1449,3,3,0,0,dbbea8554f,2
1471,3,2,1,0,234330834c,1
1491,3,3,0,0,58cc83f5b8,1
1496,3,3,0,0,363caceede,1
1498,3,3,0,0,9e9dec3736,1
1502,3,3,0,0,88c76cf946,1
1516,3,3,0,0,82df736e39,1
1523,3,3,0,0,72e0811983,1
1528,3,3,0,0,ac53eaa244,1
1530,3,3,0,0,4fd1b9cf3d,1
1531,3,3,0,0,1da019b88a,1
1555,3,3,0,0,f7a04a75c8,1
1567,3,3,0,0,2db5f5a64f,1
1571,3,3,0,0,6242c5aa49,1
1572,3,3,0,0,3a7ca4131a,1
1577,3,3,0,0,da567e6544,1
1579,3,3,0,0,faaa535e59,1
1592,3,3,0,0,e3c17b4725,1
1599,3,3,0,0,6c5f27d3d0,1
1605,3,3,0,0,be8b5388fc,1
1612,3,3,0,0,9d5bb453ed,1
1614,3,3,0,0,ff191c09e7,1
1615,3,3,0,0,534b7e5627,1
1616,3,3,0,0,58b84aa56e,1
1618,3,3,0,0,727e06c289,1
1620,3,3,0,0,338edee884,1
1624,3,3,0,0,032999fd80,1
1629,3,3,0,0,ecefc2049f,1
1645,3,3,0,0,0117a18dad,2
1652,3,3,0,0,76ad4b89fd,1
1655,3,3,0,0,bfd415c860,1
1662,3,3,0,0,59754fa432,1
99,3,3,0,0,43ce4875d9,1
17,2,2,0,0,6d5482c4cb,1
19,2,2,0,0,a880bc5c5e,1
21,2,1,1,0,9f13f930fb,1
22,2,2,0,0,542e862ecd,1
25,2,2,0,0,82289203e5,1
26,2,2,0,0,292f2918d7,1
27,2,2,0,0,290f5e382d,1
29,2,2,0,0,3ab3490a17,1
31,2,2,0,0,fca295e5d2,1
34,2,2,0,0,17a4435634,1
36,2,2,0,0,9258b5ba0a,1
40,2,2,0,0,2aaccff9bc,1
41,2,2,0,0,0822024eed,1
44,2,2,0,0,d557891ff4,1
45,2,2,0,0,f1c70b7cf0,1
46,2,2,0,0,e045935a25,1
47,2,2,0,0,152090dd9c,1
55,2,2,0,0,14a00612d0,1
57,2,2,0,0,03e1e62c87,1
59,2,2,0,0,31e1c8ee69,1
60,2,2,0,0,be6166d442,1
62,2,2,0,0,17466bb8bc,1
63,2,2,0,0,76b1ea8d23,1
64,2,2,0,0,bc7e4efddf,1
66,2,2,0,0,025e363bce,1
71,2,2,0,0,e11f54d162,1
72,2,2,0,0,ab55b9bd85,1
79,2,2,0,0,a192f98709,1
80,2,2,0,0,38e518d52a,1
82,2,2,0,0,35254c2dd2,1
87,2,2,0,0,4fbd442271,1
88,2,2,0,0,c1d0f79ad0,1
91,2,2,0,0,7ff751e25f,1
93,2,2,0,0,111fe98684,1
96,2,2,0,0,bc2616fe72,1
97,2,2,0,0,78bdced320,1
101,2,2,0,0,867171af6f,1
102,2,2,0,0,d30f43df80,1
103,2,2,0,0,ddce79a45d,1
108,2,2,0,0,051aa3a412,1
111,2,2,0,0,2af1863322,1
113,2,2,0,0,25b2ab6982,1
114,2,2,0,0,efcd5e2e24,1
116,2,2,0,0,0ecd82ed2b,1
117,2,2,0,0,dfc24b6519,1
118,2,2,0,0,b418273b5b,1
119,2,1,0,1,29612e1824,1
120,2,2,0,0,96038fb6ca,1
122,2,2,0,0,8864373327,1
124,2,2,0,0,4c574cca55,1
125,2,2,0,0,1189006eda,1
126,2,2,0,0,38bc72187c,1
129,2,2,0,0,3aaeac31ae,1
133,2,2,0,0,9f6a14ba6e,1
135,2,2,0,0,99ac2ec16a,1
136,2,2,0,0,9dc9cc9e17,1
138,2,2,0,0,1da63178f0,1
139,2,2,0,0,fddb6423a0,1
141,2,2,0,0,57bdb50c0a,1
147,2,2,0,0,0538257aa5,1
148,2,2,0,0,ed2c117bfb,1
149,2,2,0,0,728b3564d9,1
150,2,2,0,0,738aee1277,1
153,2,2,0,0,9180f50997,1
154,2,2,0,0,1bbef1cc75,1
155,2,1,1,0,70d2e59314,1
156,2,2,0,0,6efd21f53f,1
158,2,2,0,0,d19b86339b,1
159,2,2,0,0,5321981fe0,1
161,2,2,0,0,4373a066c7,1
162,2,2,0,0,2073aae956,1
164,2,2,0,0,2249573e3d,1
165,2,2,0,0,97aa88cce0,1
166,2,2,0,0,f015270195,1
168,2,2,0,0,55e8652a23,1
169,2,2,0,0,3efe72ed5d,1
170,2,2,0,0,60a7de4afb,1
172,2,2,0,0,cd3e2c2080,1
173,2,2,0,0,b71bf252fe,1
175,2,2,0,0,e74a556a0c,1
176,2,2,0,0,a4a2e87450,1
178,2,2,0,0,55d143651b,1
181,2,2,0,0,df389c09b4,1
183,2,2,0,0,aa9a88ba75,1
185,2,2,0,0,62396925ca,1
186,2,2,0,0,ba88792b76,1
187,2,2,0,0,78af561865,1
189,2,2,0,0,fed8b10002,1
190,2,2,0,0,d7cdbf8680,1
191,2,2,0,0,aa96a86dd1,1
192,2,1,0,1,876d6bb998,1
193,2,2,0,0,ba8f6c4e13,1
195,2,2,0,0,2e1e0fb499,1
196,2,2,0,0,9c3c32d655,1
198,2,2,0,0,be309ef146,1
199,2,2,0,0,3987292f1c,1
201,2,2,0,0,be4f6e9377,1
202,2,2,0,0,a7ad2c3273,1
203,2,2,0,0,9f4b19febf,1
204,2,2,0,0,5d647593e5,1
205,2,2,0,0,d38a7e37e8,1
206,2,2,0,0,d0bdd72c57,1
208,2,2,0,0,bbde19278c,1
209,2,2,0,0,4f7ae281fe,1
211,2,2,0,0,0a14ea20f3,1
213,2,2,0,0,c5a15789a9,1
215,2,2,0,0,be039f950b,1
218,2,2,0,0,7d4aff62b1,1
219,2,2,0,0,2c1ace48a9,1
220,2,2,0,0,82afed43d0,1
222,2,2,0,0,416aaec04b,1
225,2,2,0,0,b1838710fc,1
226,2,2,0,0,3f72e90c89,1
227,2,2,0,0,dd09f6d674,1
228,2,2,0,0,61e9e49208,1
229,2,2,0,0,5f2cf23d81,1
230,2,2,0,0,fa50bf31c6,1
231,2,2,0,0,2c9f57d9fc,1
233,2,2,0,0,8b47cd14c2,1
234,2,2,0,0,8d515128b5,1
235,2,2,0,0,143c14ad29,1
236,2,2,0,0,655fca07fd,1
239,2,2,0,0,d79c9cf758,1
242,2,2,0,0,05eb5261da,1
243,2,2,0,0,b6636cd709,1
245,2,2,0,0,cca9ad3062,1
246,2,2,0,0,bca1b93289,1
248,2,2,0,0,1302a7237e,1
249,2,2,0,0,a48b1da4ca,1
252,2,2,0,0,1c18715873,1
253,2,2,0,0,5cc06fecf5,1
254,2,2,0,0,6cede2b058,1
255,2,2,0,0,43a5cc02fa,1
256,2,2,0,0,b992f0a038,1
257,2,2,0,0,38c839209b,1
258,2,2,0,0,c667271343,1
259,2,2,0,0,96d41dba6d,1
261,2,2,0,0,73fff44aaa,1
262,2,2,0,0,3d568651f9,1
263,2,2,0,0,b6162ce416,1
264,2,2,0,0,e696eaa283,1
267,2,2,0,0,36591cda9e,1
268,2,2,0,0,f1758be630,1
270,2,2,0,0,ff02b9d72d,1
271,2,2,0,0,488b323d02,1
272,2,2,0,0,76d556427b,1
273,2,2,0,0,5c77f9b455,1
274,2,2,0,0,d7a6fe23e2,1
275,2,2,0,0,78aaeecab1,1
276,2,2,0,0,22e0be5148,1
277,2,2,0,0,ec6bd35e61,1
280,2,2,0,0,66220f704f,1
281,2,2,0,0,9188de593d,1
282,2,2,0,0,033187655f,1
283,2,2,0,0,2149e32cc8,1
284,2,2,0,0,d70d32e183,1
285,2,2,0,0,dee4cb8570,1
286,2,2,0,0,259fe73cd0,1
287,2,2,0,0,0de3c2a471,1
288,2,2,0,0,1f4d8eafac,1
290,2,2,0,0,66af3644e6,1
293,2,2,0,0,627b15c161,1
294,2,2,0,0,9cadaf5e5b,1
301,2,2,0,0,8bf3885831,1
302,2,2,0,0,1821b2fa15,1
304,2,2,0,0,7e1af87484,1
305,2,2,0,0,7391ca0ce0,1
308,2,2,0,0,bee703c636,1
311,2,2,0,0,4e01dcef4a,1
312,2,2,0,0,4f16fcc895,1
314,2,2,0,0,a873a9c821,1
315,2,2,0,0,d8ae7e36b7,1
317,2,2,0,0,0204e8d9e5,1
320,2,2,0,0,75609ec61a,1
321,2,2,0,0,5f3ee91778,1
322,2,2,0,0,529b6e7917,1
324,2,2,0,0,c4afa0dc8e,1
325,2,2,0,0,920e911a9e,1
326,2,2,0,0,82424984a9,1
328,2,2,0,0,71a4c3aaf3,1
331,2,2,0,0,6817e7fcc0,1
333,2,2,0,0,882ac5dd75,1
334,2,2,0,0,15a6d4d145,1
336,2,2,0,0,09ca103e0c,1
338,2,2,0,0,dc2f884904,1
340,2,2,0,0,83f47188f3,1
341,2,2,0,0,bbc881b1a6,1
343,2,1,0,1,cf4d1c6e15,1
345,2,2,0,0,dddd96e30e,1
346,2,2,0,0,ff476ddeeb,1
348,2,2,0,0,59f4096ba5,1
349,2,2,0,0,17d12f7797,1
350,2,2,0,0,faaa6b73f5,1
353,2,2,0,0,e05787f3b5,1
354,2,2,0,0,803e89c97c,1
357,2,2,0,0,11f96ef416,1
358,2,2,0,0,6f277d4a06,1
359,2,2,0,0,1edb353f2c,1
360,2,2,0,0,6003c17781,1
362,2,2,0,0,9335fde104,1
363,2,2,0,0,6a7fbe6033,1
366,2,2,0,0,3902102c63,1
367,2,2,0,0,db651ef454,1
370,2,2,0,0,4594024169,1
371,2,2,0,0,fccabea761,1
372,2,2,0,0,a41245db08,1
374,2,2,0,0,7361f121ba,1
375,2,2,0,0,68d402136d,1
376,2,2,0,0,c8289561b0,1
377,2,2,0,0,91da98822e,1
380,2,2,0,0,920ef76d1f,1
381,2,2,0,0,ca85761ff5,1
386,2,2,0,0,67c2360430,1
388,2,2,0,0,9cba52c10e,1
389,2,2,0,0,d95a7746b4,1
390,2,2,0,0,26541f302e,1
391,2,2,0,0,07a3488bb1,1
392,2,2,0,0,cce6b99ff1,1
393,2,2,0,0,aa5ef5ba0f,1
394,2,2,0,0,f561d5c936,1
395,2,2,0,0,b6c66dd313,1
396,2,2,0,0,5124850bdb,1
400,2,2,0,0,5b4d1ac7fc,1
401,2,2,0,0,6ae1464f95,1
403,2,2,0,0,1d0918a1a9,1
405,2,2,0,0,b8e56a004f,1
406,2,2,0,0,5f8ef811ee,1
408,2,2,0,0,2feec39773,1
409,2,2,0,0,3315fd257e,1
412,2,2,0,0,2997bcc6fa,1
413,2,2,0,0,5093448c5e,1
414,2,2,0,0,445410fa1a,1
415,2,2,0,0,cb4d530ff7,1
418,2,2,0,0,f4427e130e,1
419,2,2,0,0,45d5a629fb,1
420,2,2,0,0,35c162b9ed,1
421,2,2,0,0,4710077cf4,1
422,2,2,0,0,0c6bc9d195,1
423,2,2,0,0,e1225d77f4,1
424,2,2,0,0,80e77ef7ea,1
426,2,2,0,0,0e7276763d,1
428,2,2,0,0,d5615f4d93,1
429,2,2,0,0,ab1342643e,1
430,2,2,0,0,7244a7ca64,1
431,2,2,0,0,fefdd731a7,1
432,2,2,0,0,fbaa700014,1
435,2,2,0,0,625349aeb4,1
436,2,2,0,0,ae12566138,1
440,2,2,0,0,11eaa5aedb,1
441,2,2,0,0,42e209d1d1,1
442,2,2,0,0,0509110f9a,1
444,2,2,0,0,16a868d8e7,1
445,2,2,0,0,5ede567383,1
446,2,2,0,0,68afb4a59d,1
447,2,2,0,0,d032c852ab,1
451,2,2,0,0,56a4b143c2,1
452,2,2,0,0,af7e2ef513,1
453,2,2,0,0,4986e6782f,1
455,2,2,0,0,109b514316,1
457,2,2,0,0,43bb0135d8,1
460,2,2,0,0,90a806b18f,1
461,2,2,0,0,8301bcb54b,1
462,2,2,0,0,c89f283027,1
463,2,2,0,0,22bee6936f,1
464,2,2,0,0,df09827555,1
465,2,2,0,0,66dfcbf8dd,1
466,2,2,0,0,438a1dc00d,1
467,2,2,0,0,f0a8f49985,1
468,2,2,0,0,65bbcf6c57,1
469,2,2,0,0,80a79b10f8,1
470,2,2,0,0,bacbe725e1,1
472,2,2,0,0,0a5a0319a9,1
473,2,2,0,0,57124b7f90,1
474,2,2,0,0,7e3267a61c,1
475,2,2,0,0,9590dddc1d,1
476,2,2,0,0,f4e04d1161,1
482,2,2,0,0,e6dba39c10,1
483,2,2,0,0,b1c3d22e1e,1
484,2,2,0,0,bb312c3fb8,1
489,2,2,0,0,b5d1de00f3,1
490,2,2,0,0,d3577589e8,1
491,2,2,0,0,1fc0c1d0f5,1
493,2,2,0,0,a8394bcccf,1
494,2,2,0,0,539caf8aaa,1
495,2,2,0,0,23c304968d,1
496,2,2,0,0,ff647b7c6b,1
498,2,2,0,0,ed442f5c21,1
499,2,2,0,0,a4a421f5e7,1
500,2,2,0,0,ffb482c264,1
503,2,2,0,0,b501a4cbb6,1
504,2,2,0,0,cbf4b90755,1
505,2,2,0,0,b0cebf8ebc,1
507,2,2,0,0,5b88699137,1
509,2,2,0,0,d87e31d3bb,1
510,2,2,0,0,c5b28d9fd4,1
511,2,2,0,0,9e722870a6,1
512,2,2,0,0,a87fa972ee,1
513,2,2,0,0,7856baec3e,1
515,2,2,0,0,b5ec6694bf,1
516,2,2,0,0,2f8029aa08,1
517,2,2,0,0,cdba5f12af,1
518,2,2,0,0,ea32549f78,1
520,2,2,0,0,6be90f40f9,1
522,2,2,0,0,385efd76d5,1
523,2,2,0,0,757e919030,1
524,2,2,0,0,cf8b6f5170,1
525,2,2,0,0,edb588a129,1
526,2,2,0,0,1ed5d430cd,1
527,2,2,0,0,825fc9a695,1
528,2,2,0,0,cf2c31ef2a,1
529,2,2,0,0,d8a4ce1b53,1
530,2,2,0,0,7d11b910b8,1
534,2,2,0,0,10736a826d,1
536,2,2,0,0,72517e9f6a,1
538,2,1,0,1,6ddab66abd,1
539,2,2,0,0,ca180a0783,1
540,2,2,0,0,19b0df6f60,1
542,2,2,0,0,eeed4c9651,1
543,2,2,0,0,279c5c0429,1
545,2,2,0,0,bc94ff129f,1
546,2,2,0,0,6d20bbc685,1
549,2,2,0,0,57bf78a29c,1
552,2,2,0,0,aac1a38fa9,1
554,2,2,0,0,886ac174a7,1
555,2,2,0,0,12ccb22122,1
556,2,2,0,0,c865ee47fe,1
557,2,2,0,0,3ba483fbb1,1
559,2,2,0,0,e33876f282,1
560,2,2,0,0,911b403528,1
562,2,2,0,0,bdc2abe039,1
563,2,2,0,0,2f0651e330,1
565,2,2,0,0,0f1463ccc8,1
566,2,2,0,0,e5f67ded28,1
567,2,2,0,0,03aa1829ad,1
568,2,2,0,0,1cd9928ee9,1
569,2,2,0,0,c25b394227,1
570,2,2,0,0,320817bb60,1
573,2,2,0,0,ded9b21e92,1
575,2,1,0,1,6d2adb1c75,1
576,2,2,0,0,58335d1e3a,1
578,2,2,0,0,2b2de83604,1
580,2,2,0,0,9e87d987c5,1
581,2,2,0,0,80c778d2f6,1
583,2,2,0,0,08a658c7ac,1
584,2,2,0,0,075a338197,1
585,2,2,0,0,db763096d3,1
586,2,2,0,0,48fe099df4,1
587,2,2,0,0,52d65464ec,1
588,2,2,0,0,65879d9a93,1
590,2,2,0,0,8dc48fe805,1
592,2,2,0,0,be463f9c00,1
593,2,2,0,0,57033658d8,1
594,2,2,0,0,f427f4354b,1
595,2,2,0,0,66b6c2347b,1
597,2,2,0,0,268108a1f4,1
598,2,2,0,0,c456128756,1
600,2,2,0,0,b061d2e635,1
601,2,2,0,0,10d4e0f0b6,1
603,2,2,0,0,baca4179e6,1
604,2,2,0,0,ef25ef4f1e,1
605,2,2,0,0,09efa68d3d,1
606,2,2,0,0,125e74f9e8,1
607,2,2,0,0,289872c008,1
608,2,2,0,0,4adf4b6e3c,1
609,2,2,0,0,8a47d2911a,1
611,2,2,0,0,907c3c1c20,1
612,2,2,0,0,5477daf830,1
615,2,2,0,0,1815ed4934,1
616,2,2,0,0,6d94e0d491,1
617,2,2,0,0,ed33c5fa88,1
618,2,2,0,0,1260f632a5,1
621,2,2,0,0,b3b945f30b,1
622,2,2,0,0,09f751db37,1
623,2,2,0,0,32ef7c11c2,1
624,2,2,0,0,85600cbd52,1
627,2,2,0,0,658eebfd59,1
629,2,1,1,0,54a88f2a34,1
631,2,2,0,0,808553b25f,1
632,2,2,0,0,980e07be44,1
633,2,2,0,0,a86b02ed56,1
636,2,2,0,0,dabedf67b3,1
637,2,2,0,0,d1b70409a7,1
638,2,2,0,0,c082acd859,1
641,2,2,0,0,b4dbe6cf55,1
642,2,2,0,0,0c369107e1,1
644,2,1,0,1,76c57c6086,1
645,2,2,0,0,0340543437,1
646,2,2,0,0,aa90e9f191,1
647,2,2,0,0,b225735f7c,1
648,2,2,0,0,2e4c1a6021,1
649,2,2,0,0,47380661d1,1
652,2,2,0,0,3159157190,1
653,2,2,0,0,77cb1c1556,1
656,2,2,0,0,1d13216577,1
657,2,2,0,0,433fff9567,1
658,2,2,0,0,a2d78c3b1d,1
659,2,2,0,0,66d5f477fa,1
663,2,2,0,0,2bb345029a,1
666,2,2,0,0,99880e8afa,1
667,2,2,0,0,ee30df101c,1
668,2,2,0,0,27fb104ae1,1
669,2,1,0,1,98a04808bd,1
670,2,2,0,0,30e89dab9a,1
671,2,2,0,0,9227d8b221,1
674,2,2,0,0,a605f4cbdd,1
676,2,2,0,0,69238c3b01,1
678,2,2,0,0,a58149ec19,1
680,2,2,0,0,455b445551,1
681,2,2,0,0,bd9d1c8b12,1
682,2,2,0,0,f21ae02edc,1
683,2,2,0,0,40b94fe862,1
684,2,2,0,0,b24079908d,1
687,2,2,0,0,3a7114bb78,1
688,2,2,0,0,4bf39f0c15,1
689,2,2,0,0,28d1e7723f,1
690,2,2,0,0,b2c97f262a,1
691,2,2,0,0,5f6f6904d1,1
692,2,2,0,0,d63eaebf67,1
693,2,2,0,0,bf3fd5d4cb,1
694,2,2,0,0,59485ce523,1
695,2,2,0,0,3fd80def6c,1
696,2,2,0,0,dfa4b5873e,1
697,2,2,0,0,e83658d12c,1
698,2,2,0,0,46ddc86a1b,1
699,2,2,0,0,9ed0479f83,1
701,2,2,0,0,6dcf68f6a8,1
702,2,2,0,0,cff3189f13,1
703,2,2,0,0,710ca2f14e,1
704,2,2,0,0,c552366585,1
705,2,2,0,0,745954e9df,1
706,2,2,0,0,0e3b57a2f2,1
710,2,2,0,0,867d54b05d,1
711,2,2,0,0,72c8884899,1
712,2,2,0,0,8a730b64b1,1
713,2,2,0,0,9d4c2b7f8b,1
715,2,2,0,0,57241d95a9,1
716,2,2,0,0,5174609854,1
717,2,2,0,0,fa86e9f8a6,1
719,2,2,0,0,2e0a0fc68a,1
720,2,2,0,0,a6b8895f2a,1
721,2,2,0,0,b506bd5854,1
722,2,2,0,0,9e60735fb9,1
723,2,2,0,0,5cf664bae4,1
724,2,2,0,0,6d60edf9b4,1
725,2,2,0,0,77efe11fe5,1
727,2,2,0,0,704c2d6352,1
728,2,2,0,0,697b5f09ab,1
729,2,2,0,0,b6339833e5,1
730,2,2,0,0,1a596b05d1,1
731,2,2,0,0,559affcb61,1
732,2,2,0,0,63dd8c0e20,1
733,2,2,0,0,e8ccefac2e,1
734,2,2,0,0,4e74755d22,1
735,2,2,0,0,41e5851adc,1
738,2,2,0,0,ae83b5beb7,1
739,2,2,0,0,4c248be208,1
740,2,2,0,0,35acf5a291,1
741,2,2,0,0,4ae91aa492,1
742,2,2,0,0,8f9d23cf67,1
744,2,2,0,0,d07ef6e4ab,1
745,2,2,0,0,a7a039c602,1
746,2,2,0,0,ab24346a9a,1
748,2,2,0,0,6a30168b55,1
749,2,2,0,0,7963ef2579,1
750,2,2,0,0,75b7f630f6,1
751,2,2,0,0,2e7e5eaeba,1
752,2,2,0,0,0731d62877,1
753,2,2,0,0,3820941398,1
754,2,2,0,0,3eed57b080,1
755,2,2,0,0,28ce2de3b6,1
756,2,2,0,0,ebb18870b2,1
757,2,2,0,0,134fc5f099,1
759,2,2,0,0,e434f972e6,1
760,2,2,0,0,d76d937a28,1
761,2,2,0,0,887f6e250a,1
764,2,2,0,0,ce09f5f546,1
765,2,2,0,0,bb8a3812ac,1
766,2,2,0,0,58eb3d46a6,1
768,2,2,0,0,d29fc22ed7,1
769,2,2,0,0,9cfbfb5720,1
771,2,2,0,0,ac51e42b88,1
772,2,2,0,0,829c0e8d72,1
774,2,2,0,0,66c860754d,1
776,2,2,0,0,9da0704e1a,1
777,2,2,0,0,045e5760f1,1
780,2,2,0,0,ef4990e6ee,1
782,2,2,0,0,5862ab9e0a,1
783,2,2,0,0,ee151aae23,1
785,2,2,0,0,e596257888,1
786,2,2,0,0,bb1260974d,1
787,2,2,0,0,a8dc415665,1
789,2,2,0,0,a7255136f1,1
790,2,2,0,0,560929383f,1
791,2,2,0,0,6e479e71fe,1
792,2,2,0,0,e60d07b69d,1
793,2,2,0,0,021347df28,1
794,2,2,0,0,3080ce50b5,1
795,2,2,0,0,4beec49274,1
796,2,2,0,0,3476234822,1
798,2,2,0,0,3724a63cbd,1
799,2,2,0,0,4224b06f39,1
801,2,2,0,0,624ce4538c,1
802,2,2,0,0,bafb603346,1
804,2,2,0,0,9246416a67,1
806,2,2,0,0,607ce39dba,1
808,2,2,0,0,12d1b6996a,1
810,2,2,0,0,32190f18c6,1
811,2,2,0,0,a9d0bc4e11,1
812,2,2,0,0,ee4948fde1,1
813,2,2,0,0,11cbf1a996,1
815,2,2,0,0,22e42391af,1
817,2,2,0,0,13a5d522cf,1
818,2,2,0,0,e74a3b12d2,1
819,2,2,0,0,7ac403f715,1
820,2,2,0,0,3bb4dc3896,1
821,2,2,0,0,8c9cafbbe0,1
823,2,2,0,0,a02f9d17ab,1
825,2,2,0,0,220a0b96c2,1
826,2,2,0,0,16e4fbd019,1
827,2,2,0,0,ba0970a4b8,1
828,2,2,0,0,538ac81210,1
831,2,2,0,0,ec1507bc71,1
836,2,2,0,0,d65cea7e14,1
840,2,2,0,0,213393438a,1
841,2,2,0,0,4fa1da8e5b,1
842,2,2,0,0,3fb05d565f,1
843,2,2,0,0,d33536069c,1
844,2,2,0,0,54389a9901,1
845,2,2,0,0,63d65b42b2,1
846,2,2,0,0,3c572be28a,1
848,2,2,0,0,28e24bc344,1
849,2,2,0,0,f0c00a4699,1
850,2,2,0,0,225afcacca,1
852,2,2,0,0,bcc62d1f72,1
854,2,2,0,0,d02353b6c6,1
855,2,2,0,0,aedd2ac826,1
856,2,1,1,0,45c55f1511,1
863,2,2,0,0,9dd8b589d3,1
864,2,2,0,0,29082fc9e3,1
865,2,2,0,0,36b5c37dee,1
866,2,2,0,0,b8df52322a,1
867,2,2,0,0,008d9e001e,1
868,2,2,0,0,7183a2e6e2,1
869,2,2,0,0,4928bd69e7,1
870,2,2,0,0,9407e68db6,1
872,2,2,0,0,4da56da1ca,1
873,2,2,0,0,3255381e84,1
874,2,2,0,0,a52cde5e8a,1
877,2,2,0,0,f29d2143a6,1
878,2,2,0,0,05b6b08103,1
879,2,2,0,0,5a992af223,1
880,2,2,0,0,65938aa18a,1
884,2,2,0,0,1a17669c50,1
885,2,2,0,0,678bd014fc,1
886,2,2,0,0,7b3193edb5,1
887,2,2,0,0,fe91b5b8e0,1
888,2,2,0,0,a2ba74f8af,1
889,2,2,0,0,8cf2d120ae,1
891,2,2,0,0,ad315c74a2,1
893,2,2,0,0,5cecb51ce1,1
894,2,2,0,0,5e90ddf6e6,1
896,2,2,0,0,6fd958a4dd,1
898,2,2,0,0,d0cc761ebf,1
900,2,2,0,0,3cbde49e3a,1
901,2,2,0,0,04095bd1aa,1
903,2,2,0,0,6c69640fea,1
905,2,2,0,0,ccb49319a1,1
907,2,2,0,0,a82db6b7d7,1
909,2,2,0,0,9b09827672,1
910,2,2,0,0,4e6c03a944,1
911,2,2,0,0,b4180681b1,1
912,2,2,0,0,cbbe800778,1
913,2,2,0,0,8adb21f61b,1
914,2,2,0,0,3e6c14af74,1
915,2,2,0,0,2e2390b985,1
916,2,2,0,0,225c5e3814,1
918,2,2,0,0,180f7dcb90,1
919,2,2,0,0,9ffc9bf91a,1
921,2,2,0,0,fed5a1ba4a,1
922,2,2,0,0,596253d55d,1
925,2,2,0,0,4c7b42db30,1
926,2,2,0,0,1ce77ae779,1
927,2,2,0,0,896cb2b94b,1
929,2,2,0,0,87dd7ab2db,1
930,2,2,0,0,0dd22498d8,1
931,2,2,0,0,d4a35e51c8,1
933,2,2,0,0,a58fc841e6,1
935,2,2,0,0,a0bc00f4ba,1
936,2,2,0,0,ede2f829da,1
937,2,2,0,0,206a425843,1
939,2,2,0,0,a0c6c48346,1
940,2,2,0,0,896dbb040a,1
941,2,2,0,0,f97714d88b,1
945,2,2,0,0,0c442241f1,1
946,2,2,0,0,616ce45378,1
948,2,2,0,0,6682394182,1
949,2,2,0,0,efe8e7324e,1
951,2,2,0,0,b8ade447cc,1
953,2,2,0,0,76946a5a59,1
954,2,2,0,0,b77a1ca822,1
955,2,2,0,0,70422b408a,1
956,2,2,0,0,2afa04ba25,1
957,2,2,0,0,f3739db61d,1
958,2,2,0,0,775b14785b,1
961,2,2,0,0,ecd0cc92b5,1
962,2,2,0,0,54bb282d60,1
963,2,2,0,0,9f316bb638,1
964,2,2,0,0,2e0ddcf69a,1
965,2,2,0,0,1d3788211d,1
966,2,2,0,0,1cc4228222,1
967,2,2,0,0,625559ba31,1
968,2,2,0,0,f4732c0888,1
969,2,2,0,0,06a4b97835,1
971,2,2,0,0,7bad275b83,1
972,2,2,0,0,0c6eb90aeb,1
973,2,2,0,0,c61c278c6b,1
974,2,2,0,0,44dcb4c58e,1
975,2,2,0,0,a8bb9f8c5d,1
977,2,2,0,0,8e5500637c,1
978,2,2,0,0,6b9d265a29,1
980,2,2,0,0,712ff1e204,1
981,2,2,0,0,bd8cde61cc,1
982,2,2,0,0,ebc299d346,1
983,2,2,0,0,c136769bb7,1
985,2,2,0,0,e8b818d1f4,1
986,2,2,0,0,c049391480,1
987,2,2,0,0,a41d34506d,1
989,2,2,0,0,3a666aff23,1
990,2,2,0,0,8782570268,1
993,2,2,0,0,58dc1be144,1
994,2,2,0,0,ff5f43c174,1
996,2,2,0,0,00596b4bc8,1
997,2,2,0,0,a18fe79290,1
998,2,2,0,0,4102b7c87b,1
999,2,2,0,0,76dfde3ec5,1
1000,2,2,0,0,0bf965d254,1
1001,2,2,0,0,204a03f369,1
1002,2,2,0,0,6ae2e47e92,1
1003,2,2,0,0,cc438b7de8,1
1004,2,2,0,0,d8cb0cb6ff,1
1005,2,2,0,0,4097a5264d,1
1006,2,2,0,0,97e1af0832,1
1007,2,2,0,0,8151eafef9,1
1008,2,2,0,0,5c28e0dd0a,1
1009,2,2,0,0,63f7b0cf96,1
1010,2,2,0,0,16e42e9d9a,1
1012,2,2,0,0,c79e54f116,1
1013,2,2,0,0,06ac127595,1
1014,2,2,0,0,8dc1e05453,1
1016,2,2,0,0,3f9a5a9e3b,1
1018,2,2,0,0,3ae7469610,1
1019,2,2,0,0,9d6ae4ab48,1
1020,2,2,0,0,a539908e7b,1
1021,2,2,0,0,3fb63913d8,1
1023,2,2,0,0,9b1f29e1cd,1
1024,2,2,0,0,538a82ff6c,1
1026,2,2,0,0,0e1a5bc70f,1
1028,2,2,0,0,6a6ac479a0,1
1029,2,2,0,0,e59123a7cb,1
1030,2,2,0,0,2475661eaa,1
1031,2,2,0,0,f39df8c0ad,1
1032,2,2,0,0,27f29a0487,1
1033,2,2,0,0,47d3a0c622,1
1037,2,2,0,0,7f350b72e3,1
1039,2,2,0,0,ad77ab4bd9,1
1040,2,2,0,0,db58b1001e,1
1042,2,2,0,0,b6e00573fd,1
1043,2,2,0,0,5e92bf1964,1
1044,2,2,0,0,c20e56d2ca,1
1046,2,2,0,0,f15a256bc7,1
1048,2,2,0,0,906b27b27a,1
1049,2,2,0,0,c6b312868e,1
1051,2,2,0,0,62e1570356,1
1053,2,2,0,0,01e61c3cbe,1
1054,2,2,0,0,0dcaffb7c4,1
1055,2,2,0,0,127f404c72,1
1056,2,2,0,0,bb7a828e06,1
1058,2,2,0,0,74b084e84d,1
1059,2,2,0,0,52c6a418b2,1
1061,2,2,0,0,1644641c3c,1
1063,2,2,0,0,c58d423591,1
1064,2,2,0,0,6c103141d1,1
1066,2,2,0,0,09e73f4ab4,1
1067,2,2,0,0,d0de6494f5,1
1069,2,2,0,0,dadee415d7,1
1070,2,2,0,0,359b213dda,1
1071,2,2,0,0,6737d8595d,1
1072,2,2,0,0,66937221a9,1
1073,2,2,0,0,a5640efa23,1
1074,2,2,0,0,dfaac9465d,1
1075,2,2,0,0,3b6a1ed08f,1
1076,2,2,0,0,2e5a10db0f,1
1077,2,2,0,0,8325e2ed35,1
1079,2,2,0,0,d5c0b049d1,1
1082,2,2,0,0,ed9cc6aff4,1
1084,2,2,0,0,677fd4d3bd,1
1085,2,2,0,0,457d970c12,1
1086,2,2,0,0,76d2137ea6,1
1087,2,2,0,0,b7b5c49ee3,1
1089,2,2,0,0,e7289e0e93,1
1090,2,2,0,0,11d45a130c,1
1091,2,2,0,0,288c5ab830,1
1093,2,2,0,0,805b8c8960,1
1094,2,2,0,0,d3825cfe5e,1
1095,2,2,0,0,1de216ba6a,1
1096,2,2,0,0,d086b559c1,1
1097,2,2,0,0,de904b1953,1
1099,2,2,0,0,c54b2601b3,1
1100,2,2,0,0,8dff1e578c,1
1101,2,2,0,0,254fa4dedf,1
1102,2,2,0,0,387b215219,1
1103,2,2,0,0,09af725828,1
1105,2,2,0,0,53559e815a,1
1107,2,2,0,0,7e5bda558f,1
1108,2,2,0,0,0559773d0a,1
1109,2,2,0,0,d3789c0dc5,1
1111,2,2,0,0,ff182b3d10,1
1113,2,2,0,0,63b8a19342,1
1116,2,2,0,0,ddecb10acd,1
1117,2,2,0,0,9e8ce773dc,1
1118,2,2,0,0,a0a2c35333,1
1119,2,2,0,0,c8f9b79e48,1
1120,2,2,0,0,b5dfac6462,1
1121,2,2,0,0,fa274ec180,1
1122,2,2,0,0,d431f43363,1
1123,2,2,0,0,072580a618,1
1124,2,2,0,0,c1cd5c9381,1
1126,2,2,0,0,9842eacab0,1
1127,2,2,0,0,62f533adcf,1
1129,2,2,0,0,8ad4bac46c,1
1131,2,2,0,0,fcd53979bf,1
1132,2,2,0,0,beb8f7ac06,1
1133,2,2,0,0,75440811a8,1
1134,2,2,0,0,cf59655add,1
1135,2,2,0,0,fb55950ebc,1
1136,2,2,0,0,9b6cb4dfb5,1
1137,2,2,0,0,14bb720647,1
1138,2,2,0,0,46ea3044d3,1
1139,2,2,0,0,2f2c1efee8,1
1140,2,2,0,0,496112bb46,1
1141,2,2,0,0,39a2e37521,1
1143,2,2,0,0,2d4e4bdb3e,1
1144,2,2,0,0,429b362959,1
1145,2,2,0,0,8db21b61ad,1
1147,2,2,0,0,2a625ad94a,1
1150,2,2,0,0,97bac26290,1
1152,2,2,0,0,84a3139753,1
1153,2,2,0,0,d37b2bbe8e,1
1155,2,2,0,0,8fbf135681,1
1156,2,2,0,0,4c3dbb5ff9,1
1157,2,2,0,0,070dfca9ff,1
1158,2,1,0,1,ec2e1384b7,1
1160,2,2,0,0,245754a1a2,1
1163,2,2,0,0,abfc8f438c,1
1164,2,2,0,0,a9c0e279ea,1
1165,2,2,0,0,a14f00aa16,1
1166,2,2,0,0,d15c540ad2,1
1167,2,2,0,0,95e31fd257,1
1168,2,2,0,0,2388557057,1
1169,2,2,0,0,84948a888c,1
1170,2,2,0,0,b3d449aec4,1
1173,2,2,0,0,30ed1d1a98,1
1175,2,2,0,0,f87e812d50,1
1176,2,2,0,0,43ba7102e2,1
1177,2,2,0,0,e4bf67a973,1
1178,2,2,0,0,45631caf8c,1
1179,2,2,0,0,39cda99d4f,1
1180,2,2,0,0,4d1138fb54,1
1181,2,2,0,0,92986395ad,1
1182,2,2,0,0,c5ab400499,1
1184,2,2,0,0,a1a06d0e05,1
1185,2,2,0,0,a91f0cc24f,1
1186,2,2,0,0,3439fc8077,1
1187,2,2,0,0,b1d02c78f3,1
1190,2,2,0,0,bd7008638e,1
1191,2,2,0,0,4596543ac1,1
1192,2,2,0,0,c8c242ca13,1
1193,2,2,0,0,685a5fc65f,1
1195,2,2,0,0,a5959f21bb,1
1196,2,2,0,0,0068f434c9,1
1197,2,2,0,0,20f122c562,1
1198,2,2,0,0,dd5910f53d,1
1199,2,2,0,0,e7035db7d5,1
1201,2,2,0,0,63bec4e596,1
1202,2,2,0,0,6867f63387,1
1204,2,2,0,0,882a797bef,1
1205,2,2,0,0,ab9ecec2a6,1
1206,2,2,0,0,60611daad9,1
1207,2,2,0,0,f09e929796,1
1208,2,2,0,0,1429dd76bb,1
1210,2,2,0,0,460afa4dba,1
1211,2,2,0,0,5beeafeac2,1
1212,2,2,0,0,0110885f28,1
1213,2,2,0,0,cc5259c21b,1
1214,2,2,0,0,c7b074a3a5,1
1215,2,2,0,0,04fec83c70,1
1217,2,2,0,0,027f77aead,1
1218,2,2,0,0,4573d5adb5,1
1223,2,2,0,0,de6893580d,1
1226,2,2,0,0,dd3516e9e6,1
1227,2,2,0,0,7f823af0bb,1
1228,2,2,0,0,23aa12d4f6,1
1229,2,2,0,0,3294800d78,1
1230,2,2,0,0,233c7603d2,1
1231,2,2,0,0,41da8edc95,1
1232,2,2,0,0,6e0037b9c5,1
1233,2,2,0,0,536d52d643,1
1234,2,2,0,0,bf117496e5,1
1235,2,2,0,0,5919b45eb6,1
1236,2,2,0,0,911ae14eb8,1
1237,2,2,0,0,d6ed6c15b8,1
1239,2,1,1,0,9dbeff0f78,1
1241,2,2,0,0,7df0f99432,1
1242,2,2,0,0,4e813afb39,1
1243,2,2,0,0,3efeca4f18,1
1244,2,2,0,0,1b1054b0be,1
1245,2,2,0,0,063d1a2f26,1
1246,2,2,0,0,94de10144a,1
1247,2,2,0,0,28c0d03d16,1
1248,2,2,0,0,42e064f9fb,1
1249,2,2,0,0,f0cdffaee1,1
1250,2,2,0,0,accd060646,1
1251,2,2,0,0,5773e79b3b,1
1253,2,2,0,0,5be6a5bc22,1
1254,2,2,0,0,7dc9a3fbaa,1
1255,2,2,0,0,7b99beaf2e,1
1258,2,2,0,0,618c249b87,1
1259,2,2,0,0,22253435ef,1
1260,2,2,0,0,5e9d0a95ff,1
1261,2,2,0,0,8d8f299ebd,1
1262,2,2,0,0,c8544f7e51,1
1263,2,2,0,0,c361967f3f,1
1264,2,2,0,0,8e024b75df,1
1265,2,2,0,0,e8e9d929a2,1
1267,2,2,0,0,2526cab835,1
1268,2,2,0,0,8ae4b28ff1,1
1269,2,2,0,0,e173b97225,1
1271,2,2,0,0,299a75baae,1
1273,2,2,0,0,bdce1ace4e,1
1274,2,2,0,0,77dabb69f3,1
1276,2,2,0,0,4fd689edac,1
1278,2,2,0,0,6991c8f87b,1
1280,2,2,0,0,e44b4bd707,1
1282,2,2,0,0,54ba635749,1
1283,2,2,0,0,81781be297,1
1284,2,2,0,0,2ce39f04ad,1
1285,2,2,0,0,d5f9de58ef,1
1287,2,2,0,0,13944d84a0,1
1288,2,2,0,0,37a861d2c7,1
1290,2,2,0,0,282105b0f0,1
1291,2,2,0,0,22b0b39fe4,1
1292,2,2,0,0,fa89d02d6f,1
1293,2,2,0,0,bb2b5fbc5f,1
1294,2,2,0,0,69ae0805b3,1
1295,2,2,0,0,cf3c22187f,1
1297,2,2,0,0,2ef9e4158d,1
1298,2,2,0,0,34ffcac5d8,1
1299,2,2,0,0,73b9e2999d,1
1300,2,2,0,0,49a6ee76f0,1
1301,2,2,0,0,2331f2a1b3,1
1302,2,2,0,0,ae34175c67,1
1303,2,2,0,0,7aa8c69fd4,1
1304,2,2,0,0,e6bc5cd0e9,1
1307,2,2,0,0,1e8023a631,1
1309,2,2,0,0,ace95a35b7,1
1310,2,2,0,0,a5c4c5c2b2,1
1311,2,2,0,0,3958bb0482,1
1313,2,2,0,0,e61bc2b706,1
1314,2,2,0,0,ed16f8f2f0,1
1315,2,2,0,0,f222c31d59,1
1317,2,2,0,0,5c5f12b79a,1
1318,2,2,0,0,1e4cb7eb7c,1
1319,2,2,0,0,8a55ac8a15,1
1320,2,2,0,0,ebd8927ed3,1
1323,2,2,0,0,6921369226,1
1324,2,2,0,0,0a7f4cd104,1
1325,2,2,0,0,99b35d503a,1
1326,2,2,0,0,cffe12048c,1
1327,2,2,0,0,f12aa2ed06,1
1328,2,2,0,0,bf0726751e,1
1329,2,2,0,0,e05dec152f,1
1330,2,2,0,0,2cd764bcf2,1
1331,2,2,0,0,4c89e98a9b,1
1332,2,2,0,0,b58675e689,1
1333,2,2,0,0,e183db1c18,1
1334,2,2,0,0,ae854e9074,1
1335,2,2,0,0,4b93c79452,1
1336,2,2,0,0,851f672b91,1
1337,2,2,0,0,296963b533,1
1339,2,2,0,0,01cafd39a5,1
1340,2,2,0,0,b4816ef37f,1
1341,2,2,0,0,ba6f94cc6b,1
1342,2,2,0,0,c7835697a3,1
1343,2,2,0,0,9b6ed21043,1
1344,2,2,0,0,5cee0a7bad,1
1345,2,2,0,0,8dbcc1c663,1
1347,2,2,0,0,45e440b8c2,1
1348,2,2,0,0,fa1b165910,1
1349,2,2,0,0,f715ce35ca,1
1350,2,2,0,0,e589b4a751,1
1353,2,2,0,0,20717d0753,1
1354,2,2,0,0,1bbb70ec08,1
1355,2,2,0,0,c950d22bd3,1
1356,2,2,0,0,c29875b231,1
1357,2,2,0,0,58dd45969d,1
1358,2,2,0,0,5156fe3509,1
1360,2,2,0,0,99b976d52a,1
1361,2,2,0,0,f3875846c0,1
1362,2,2,0,0,11d4041795,1
1363,2,2,0,0,d2968d3be3,1
1365,2,2,0,0,7cbee4f53b,1
1367,2,2,0,0,683c15f3d4,1
1368,2,2,0,0,889bf6f6bb,1
1369,2,2,0,0,8500340216,1
1371,2,2,0,0,b773d01212,1
1372,2,2,0,0,6555c361d0,1
1373,2,2,0,0,fa69db54a4,1
1374,2,2,0,0,04b3fb7ea6,1
1375,2,2,0,0,908d0d0923,1
1377,2,2,0,0,966b3acf81,1
1378,2,2,0,0,df5c9ef6bf,1
1380,2,2,0,0,7ffdec2f6f,1
1381,2,2,0,0,9c2efd292c,1
1382,2,2,0,0,191440480b,1
1383,2,2,0,0,b4a1217087,1
1384,2,2,0,0,1d1fc7d929,1
1385,2,2,0,0,e77c697545,1
1386,2,2,0,0,1414c039b4,1
1387,2,2,0,0,423e550645,1
1388,2,2,0,0,29765f4d09,1
1389,2,2,0,0,16f6cef72f,1
1390,2,2,0,0,c1c9e7daf5,1
1391,2,2,0,0,f6b3eea649,1
1392,2,2,0,0,514e5b435e,1
1393,2,2,0,0,051d04b28c,1
1394,2,2,0,0,1aa7d0604c,1
1396,2,2,0,0,56b381e0dc,1
1397,2,2,0,0,29273b84c4,1
1398,2,2,0,0,e464efa867,1
1400,2,2,0,0,d749a1fefa,1
1401,2,2,0,0,9704747378,1
1402,2,2,0,0,b25952d8e9,1
1403,2,2,0,0,e36ef72b68,1
1404,2,2,0,0,1d4faef6d6,1
1405,2,2,0,0,88cccb9abe,1
1406,2,2,0,0,a76322b10e,1
1407,2,2,0,0,564d3f8a5f,1
1408,2,1,1,0,85ce7c70a5,1
1409,2,2,0,0,08d6e7e9ba,1
1410,2,2,0,0,fb1bd84f90,1
1411,2,2,0,0,fc9bdf9f72,1
1412,2,2,0,0,848a22a4fd,1
1413,2,2,0,0,6bd2c3916d,1
1414,2,2,0,0,dc0fed9ba5,1
1416,2,2,0,0,ec513e2c8d,1
1417,2,2,0,0,f3a4e4d7cf,1
1418,2,2,0,0,3018be5e3e,1
1419,2,2,0,0,67f0386e0b,1
1421,2,2,0,0,bf7b96f2fa,1
1422,2,2,0,0,43a162dbc6,1
1424,2,2,0,0,d4091e53ac,1
1425,2,2,0,0,896ae69751,1
1426,2,2,0,0,43d7cbb537,1
1428,2,2,0,0,1d53f67b01,1
1429,2,2,0,0,0f3b13b745,1
1430,2,2,0,0,347177c135,1
1431,2,2,0,0,03c91b453c,1
1433,2,2,0,0,13f714e3dc,1
1434,2,2,0,0,d8ea8cc472,1
1435,2,2,0,0,613d218a75,1
1436,2,2,0,0,e33e6a774e,1
1437,2,2,0,0,ccb237fb79,1
1438,2,2,0,0,0cb9b93a75,1
1440,2,2,0,0,ee28e35ba1,1
1441,2,2,0,0,ae66baf83b,1
1442,2,2,0,0,e124e47962,1
1443,2,2,0,0,1f0b19d0c8,1
1445,2,2,0,0,2ba5db91c3,1
1446,2,2,0,0,3a09efd3bf,1
1447,2,2,0,0,8725a29a95,1
1448,2,2,0,0,26c5325647,1
1450,2,2,0,0,e0c46b0074,1
1452,2,2,0,0,0a9a9def43,1
1454,2,2,0,0,9c8dbe1421,1
1455,2,2,0,0,c8bc7d120b,1
1456,2,2,0,0,b3a19b3559,1
1457,2,2,0,0,37dc4ced6f,1
1458,2,2,0,0,225c17f501,1
1459,2,2,0,0,6e3fa18827,1
1460,2,2,0,0,2ad6c2703e,1
1461,2,1,1,0,4d9f92fae8,1
1462,2,2,0,0,7f31ed8268,1
1463,2,2,0,0,945d43ae9d,1
1464,2,2,0,0,c82aea84d5,1
1465,2,2,0,0,1786eaf98e,1
1466,2,2,0,0,30c090f97f,1
1467,2,2,0,0,88f5f0e776,1
1468,2,2,0,0,595032746e,1
1469,2,2,0,0,d912cf7df3,1
1470,2,2,0,0,077d76346e,1
1472,2,2,0,0,e1aa03e7bf,1
1473,2,2,0,0,3015322f92,1
1474,2,2,0,0,8f2f8ba047,1
1475,2,2,0,0,c99073e30c,1
1477,2,2,0,0,a2deb4d299,1
1478,2,2,0,0,b1c76fe6e4,1
1479,2,2,0,0,bbc1614d33,1
1480,2,2,0,0,6f5bda1158,1
1481,2,2,0,0,a4791046fe,1
1482,2,2,0,0,0f6f1ec5b8,1
1483,2,2,0,0,dba27bdfc4,1
1484,2,2,0,0,c96bcda22b,1
1485,2,1,1,0,b65eb4ad48,1
1487,2,2,0,0,5570505af7,1
1488,2,2,0,0,6f5565ba6a,1
1489,2,2,0,0,ea3d84d447,1
1490,2,2,0,0,2bb155eab3,1
1492,2,2,0,0,ff66a5826a,1
1493,2,2,0,0,b3fd5e4a99,1
1494,2,2,0,0,a75cd17d18,1
1495,2,2,0,0,a7b2bf3ca1,1
1497,2,2,0,0,55dbead571,1
1499,2,2,0,0,a2fa3f95d8,1
1500,2,2,0,0,19d5c71a50,1
1501,2,2,0,0,5153ae7556,1
1503,2,2,0,0,0910753924,1
1504,2,2,0,0,a540dd51c1,1
1505,2,2,0,0,c3ac22fbce,1
1506,2,2,0,0,c748cea197,1
1507,2,2,0,0,9a8f5d6f5b,1
1508,2,2,0,0,2b9298e59e,1
1509,2,2,0,0,3cb3161d66,1
1510,2,2,0,0,d59fc0a842,1
1511,2,2,0,0,dcfb4a36c7,1
1512,2,2,0,0,dd109773b7,1
1513,2,2,0,0,cb54ce75f5,1
1514,2,2,0,0,0a4887c7c1,1
1515,2,2,0,0,489e280e8e,1
1517,2,2,0,0,27f6574e41,1
1518,2,2,0,0,34914e5e0a,1
1520,2,2,0,0,186c6741df,1
1521,2,2,0,0,c08b249f36,1
1522,2,2,0,0,c3c92b0ea0,1
1524,2,2,0,0,f6b496ab0a,1
1525,2,2,0,0,aa1dfab81a,1
1526,2,2,0,0,c1e8f32471,1
1527,2,2,0,0,9b0aca3380,1
1529,2,2,0,0,61c25b3b72,1
1532,2,2,0,0,fa7079a1e5,1
1533,2,2,0,0,0823ceb792,1
1534,2,2,0,0,369b21b312,1
1535,2,2,0,0,7ab8d0aabf,1
1536,2,2,0,0,9b5e30f860,1
1537,2,2,0,0,684b67fe31,1
1538,2,2,0,0,cdda0097ff,1
1539,2,2,0,0,6425bdbe3c,1
1540,2,2,0,0,0170a5ea07,1
1541,2,2,0,0,d70172b013,1
1542,2,2,0,0,6c7431aae9,1
1543,2,2,0,0,f4c09dddca,1
1544,2,2,0,0,2978d2b093,1
1545,2,2,0,0,1924cfde03,1
1546,2,2,0,0,2f43f77685,1
1547,2,2,0,0,bae114bf8f,1
1548,2,2,0,0,bf138fd370,1
1549,2,2,0,0,48765eb619,1
1550,2,2,0,0,da345a0250,1
1551,2,2,0,0,02ab10f227,1
1552,2,2,0,0,cbc3c7576e,1
1553,2,2,0,0,bdbe007277,1
1554,2,2,0,0,3761f3fc59,1
1556,2,2,0,0,17c14bb049,1
1557,2,2,0,0,b1d3c240e5,1
1558,2,2,0,0,7f8b4d1dc3,1
1559,2,2,0,0,a572dc978d,1
1561,2,2,0,0,827b1b4831,1
1562,2,2,0,0,ea8ce7ad62,1
1563,2,2,0,0,03d111255b,1
1564,2,2,0,0,519dbbff77,1
1565,2,2,0,0,9383901c1e,1
1566,2,2,0,0,011a138c4b,1
1568,2,2,0,0,4c3eb71a23,1
1569,2,2,0,0,d6edc19081,1
1570,2,2,0,0,f22e0edc6f,1
1573,2,2,0,0,28b83a2b27,1
1574,2,2,0,0,d0786d0761,1
1575,2,2,0,0,6682a4cd4f,1
1576,2,2,0,0,8f53517a11,1
1578,2,2,0,0,bbe115f0cf,1
1580,2,2,0,0,232bcb7621,1
1581,2,2,0,0,eaf23edc54,1
1582,2,2,0,0,735028cf50,1
1583,2,2,0,0,28b7a68d6b,1
1584,2,2,0,0,f7a7c32688,1
1585,2,2,0,0,c7b8326320,1
1586,2,2,0,0,bafb8f1a77,1
1587,2,2,0,0,e2aeecffc3,1
1588,2,2,0,0,867ab40238,1
1589,2,2,0,0,02ee3ffb80,1
1590,2,2,0,0,e5a17e3bd0,1
1591,2,2,0,0,6968c7444e,1
1593,2,2,0,0,5c38ef6b78,1
1594,2,2,0,0,e1b0cd8c9a,1
1595,2,2,0,0,b5513047c3,1
1596,2,2,0,0,a06b4b1d7e,1
1597,2,2,0,0,b1d1b13d76,1
1598,2,2,0,0,21913cd4f5,1
1600,2,2,0,0,e78a305ef8,1
1601,2,2,0,0,14afed3149,1
1602,2,2,0,0,d8d9e34bae,1
1603,2,2,0,0,813d5a95c8,1
1604,2,2,0,0,58698594df,1
1606,2,2,0,0,921ca84d2e,1
1607,2,2,0,0,987b44c502,1
1608,2,2,0,0,1e0cddf0b4,1
1609,2,2,0,0,314b90463e,1
1610,2,2,0,0,166f8e1a41,1
1611,2,2,0,0,a9546985dd,1
1613,2,2,0,0,2b342eefb5,1
1617,2,2,0,0,9c6c461c81,1
1619,2,2,0,0,bf68d45928,1
1621,2,2,0,0,2abd7e3601,1
1622,2,2,0,0,e1da61654b,1
1623,2,2,0,0,2be6a907b8,1
1625,2,2,0,0,6ded80e3d7,1
1626,2,2,0,0,5dc2562634,1
1627,2,2,0,0,6a2ff099e4,1
1628,2,2,0,0,eccfd9ad81,1
1630,2,2,0,0,0b23843497,1
1631,2,2,0,0,0b991b33d0,1
1632,2,2,0,0,7ef4ce7163,1
1634,2,2,0,0,f1d5f4c83a,1
1635,2,2,0,0,2da83a78ee,1
1636,2,2,0,0,c815ce3c2b,1
1637,2,2,0,0,e2224d1058,1
1638,2,2,0,0,d1fcc6e1ff,1
1639,2,2,0,0,85abd7c703,1
1640,2,2,0,0,0324f1fe4f,1
1641,2,2,0,0,a39b0c1109,1
1642,2,2,0,0,30d12ebd1d,1
1643,2,2,0,0,ec638e0a28,1
1644,2,2,0,0,bd20e9a3af,1
1646,2,2,0,0,7abcf1cf14,1
1647,2,2,0,0,17e1da59d3,1
1648,2,2,0,0,120c70deb1,1
1649,2,2,0,0,4345874ca2,1
1650,2,2,0,0,5e427b4fc7,1
1651,2,2,0,0,e82be3ed60,1
1653,2,2,0,0,68ce570836,1
1654,2,2,0,0,892bad3b43,1
1656,2,2,0,0,5c22e8e52d,1
1657,2,2,0,0,2cab5b1911,1
1658,2,2,0,0,01d758dd9d,1
1659,2,2,0,0,41d28681d0,1
1660,2,2,0,0,98b5a49826,1
1661,2,2,0,0,108a4287b4,1
1663,2,2,0,0,c677f86a16,1
1664,2,2,0,0,f138c9d53c,1
1665,2,2,0,0,10f564d4e4,1
1666,2,2,0,0,638acde587,1
160,2,1,0,1,84a1ccb6cb,1
20,2,2,0,0,9efbb709f6,1
53,2,2,0,0,bef7557372,1
52,2,2,0,0,60da8b44fb,1
214,2,2,0,0,81dd251427,1
95,2,2,0,0,e4febc8aa2,1
